use e_commerce;

INSERT INTO customers (name, email, city) VALUES
('Rahul Sharma','rahul@gmail.com','Delhi'),
('Ankit Verma','ankit@gmail.com','Mumbai'),
('Priya Singh','priya@gmail.com','Bangalore'),
('Neha Kapoor','neha@gmail.com','Chandigarh'),
('Arjun Mehta','arjun@gmail.com','Pune'),
('Rohan Gupta','rohan@gmail.com','Delhi'),
('Sneha Iyer','sneha@gmail.com','Chennai'),
('Karan Malhotra','karan@gmail.com','Delhi'),
('Aisha Khan','aisha@gmail.com','Hyderabad'),
('Vikram Joshi','vikram@gmail.com','Jaipur'),
('Meera Nair','meera@gmail.com','Kochi'),
('Aditya Patel','aditya@gmail.com','Ahmedabad'),
('Simran Kaur','simran@gmail.com','Amritsar'),
('Nikhil Jain','nikhil@gmail.com','Indore'),
('Pooja Agarwal','pooja@gmail.com','Lucknow'),
('Siddharth Roy','sid@gmail.com','Kolkata'),
('Ananya Das','ananya@gmail.com','Kolkata'),
('Yash Thakur','yash@gmail.com','Bhopal'),
('Ritika Sen','ritika@gmail.com','Patna'),
('Manish Kumar','manish@gmail.com','Noida');

INSERT INTO products (product_name, price, stock) VALUES
('Laptop',75000,10),
('Smartphone',30000,25),
('Headphones',2000,50),
('Keyboard',1500,40),
('Monitor',12000,15),
('Mouse',800,60),
('Tablet',25000,18),
('Smartwatch',10000,22),
('Bluetooth Speaker',3500,30),
('Gaming Chair',15000,12),
('External Hard Drive',5000,20),
('USB Flash Drive',700,80),
('Webcam',2500,25),
('Microphone',4500,16),
('Printer',9000,14),
('Scanner',6500,10),
('Graphics Card',45000,8),
('Router',3000,35),
('Projector',28000,9),
('Power Bank',1200,55);

INSERT INTO orders (customer_id, total_amount) VALUES
(1,77000),
(2,30000),
(3,14000),
(4,1500),
(5,25000),
(6,3500),
(7,12000),
(8,4500),
(9,2000),
(10,75000),
(11,5000),
(12,3000),
(13,10000),
(14,6500),
(15,15000),
(16,2000),
(17,9000),
(18,28000),
(19,1200),
(20,45000);

INSERT INTO order_items (order_id, product_id, quantity, price) VALUES
(1,1,1,75000),
(1,3,1,2000),
(2,2,1,30000),
(3,5,1,12000),
(3,4,1,1500),
(4,4,1,1500),
(5,7,1,25000),
(6,9,1,3500),
(7,5,1,12000),
(8,14,1,4500),
(9,3,1,2000),
(10,1,1,75000),
(11,11,1,5000),
(12,18,1,3000),
(13,8,1,10000),
(14,16,1,6500),
(15,10,1,15000),
(16,3,1,2000),
(17,15,1,9000),
(18,19,1,28000);

INSERT INTO payments (order_id, payment_method, payment_status) VALUES
(1,'Credit Card','Completed'),
(2,'UPI','Completed'),
(3,'Debit Card','Completed'),
(4,'Cash on Delivery','Pending'),
(5,'UPI','Completed'),
(6,'Credit Card','Completed'),
(7,'Debit Card','Completed'),
(8,'UPI','Completed'),
(9,'UPI','Completed'),
(10,'Credit Card','Completed'),
(11,'Debit Card','Completed'),
(12,'UPI','Completed'),
(13,'Credit Card','Completed'),
(14,'UPI','Completed'),
(15,'Debit Card','Completed'),
(16,'UPI','Completed'),
(17,'Credit Card','Completed'),
(18,'Debit Card','Completed'),
(19,'Cash on Delivery','Pending'),
(20,'UPI','Completed');

